
INSERT INTO public.generate_rule (id,created_at,updated_at,rule_name,function_name,fill_order,description) VALUES
	 (4882843648000,'2023-06-28 21:34:10.250237+08','2023-06-28 21:34:10.250237+08','time_serial_iter','time_serial_iter',1,'日期时间字符串'),
	 (4883453444096,'2023-06-28 21:35:24.688104+08','2023-06-28 21:35:24.688104+08','value_list_iter','value_list_iter',2,'字符串数组'),
	 (4884580073472,'2023-06-28 21:37:42.216547+08','2023-06-28 21:41:00.693467+08','associated_fill','associated_fill',2,'特定数据集'),
	 (4878393573376,'2023-06-28 21:25:07.029875+08','2023-06-28 21:41:14.549457+08','fixed_value_iter','fixed_value_iter',1,'单个固定数据'),
	 (4880372080640,'2023-06-28 21:29:08.54572+08','2023-06-28 21:41:25.183687+08','random_number_iter','random_number_iter',1,'范围随机数值'),
	 (4897600479232,'2023-06-28 22:04:11.622607+08','2023-06-28 22:04:11.622607+08','calculate_expressions','calculate_expressions',3,'表达式计算'),
	 (4898068365312,'2023-06-28 22:05:08.737051+08','2023-06-28 22:05:08.737051+08','join_string','join_string',4,'固定字符拼接列值');

INSERT INTO public.generate_rule_parameter (id,created_at,updated_at,"name",data_type,description,required,default_value,need_outside_data,rule_id,hints) VALUES
	 (7359642402816,'2023-07-02 09:33:13.877037+08','2023-07-22 10:50:38.592065+08','columns','string','连接的列值',true,'',false,4898068365312,'英文逗号分隔的列名，如：A,F,AC'),
	 (7341998874624,'2023-07-02 08:57:20.123192+08','2023-07-22 10:54:33.096319+08','delimiter','string','连接字符',true,'',false,4898068365312,'用来连接列值的字符，如：“-”、“，”等'),
	 (7053208870912,'2023-07-01 23:09:47.438804+08','2023-07-22 10:55:34.927468+08','expressions','string','计算表达式',true,'',false,4897600479232,'用来计算关联数据的表达式，如：{A} * 0.6 + {E}'),
	 (6899782516736,'2023-07-01 17:57:38.635218+08','2023-07-22 10:58:29.708995+08','data_set_id','number','数组数据集',true,'',true,4883453444096,'外部自定义的数据，字符串组成的数组'),
	 (7020319580160,'2023-07-01 22:02:52.637376+08','2023-07-22 10:58:49.968895+08','data_set_id','number','对象数据集',true,'',true,4884580073472,'外部自定义的数据，自定义字段值组成的数组'),
	 (4878639841280,'2023-06-28 21:25:37.114913+08','2023-07-22 11:00:07.923517+08','fixed_value','string','固定值',true,'',false,4878393573376,'固定不变的字符串值'),
	 (4883106578432,'2023-06-28 21:34:42.3718+08','2023-07-22 11:09:07.837893+08','repeat','number','重复次数',false,'1',false,4882843648000,'每个时间字符串的重复次数，如设置2表示字符串abc在单元格连续两行相同'),
	 (4880863305728,'2023-06-28 21:30:08.539895+08','2023-07-22 12:29:27.455861+08','start','number','起始值',false,'1',false,4880372080640,'随机范围的起始值，默认1'),
	 (4881075896320,'2023-06-28 21:30:34.488701+08','2023-07-22 12:29:35.355398+08','stop','number','结束值',false,'42',false,4880372080640,'随机范围的结束值，默认42'),
	 (4881783652352,'2023-06-28 21:32:00.881345+08','2023-07-22 12:29:46.973258+08','is_decimal','boolean','是否包含小数',false,'false',false,4880372080640,'随机的数值是否包含有小数，默认不包含'),
	 (4881930936320,'2023-06-28 21:32:18.860503+08','2023-07-22 12:29:58.469825+08','ndigits','number','小数位数',false,'2',false,4880372080640,'生成随机数值的小数位数量，如设置3会生成类似1.234的随机数值，默认2位');


INSERT INTO public.data_set (id,created_at,updated_at,description,username,data_type) VALUES
	 (6898361286656,'2023-07-01 17:54:45.119367+08','2023-07-01 17:54:45.119367+08','基本数组值','jack','string'),
	 (7016422940672,'2023-07-01 21:54:56.941002+08','2023-07-01 21:54:56.941002+08','关联数据值','jack','dict');
INSERT INTO public.data_set_define (id,created_at,updated_at,name,data_type,data_set_id) VALUES
	 (7016627699712,'2023-07-01 21:55:21.963113+08','2023-07-01 21:55:21.963113+08','color','string',7016422940672),
	 (7016871264256,'2023-07-01 21:55:51.695159+08','2023-07-01 21:55:51.695159+08','fragrance','string',7016422940672);
INSERT INTO public.data_set_value (id,created_at,updated_at,item,data_type,data_set_id) VALUES
	 (6899205513216,'2023-07-01 17:56:28.199708+08','2023-07-01 17:56:28.199708+08','地狱', 'string',6898361286656),
	 (6899205513217,'2023-07-01 17:56:28.199708+08','2023-07-01 17:56:28.199708+08','Are you okay?', 'string',6898361286656),
	 (6899205513218,'2023-07-01 17:56:28.199708+08','2023-07-01 17:56:28.199708+08','秀', 'string',6898361286656),
	 (6899205513219,'2023-07-01 17:56:28.199708+08','2023-07-01 17:56:28.199708+08','666', 'string',6898361286656),
	 (7018066378752,'2023-07-01 21:58:17.585268+08','2023-07-01 21:58:17.585268+08','{"color": "红","fragrance": "酸的"}', 'dict',7016422940672),
	 (7018193035264,'2023-07-01 21:58:33.040692+08','2023-07-01 21:58:33.040692+08','{"color": "绿","fragrance": "苦的"}', 'dict',7016422940672),
	 (7018296254464,'2023-07-01 21:58:45.64561+08','2023-07-01 21:58:45.64561+08','{"color": "青","fragrance": "无味"}', 'dict',7016422940672);


INSERT INTO public.filling_requirement (id,created_at,updated_at,username,remark,file_id,original_filename,start_line,line_number) VALUES
	 (5317329305600,'2023-06-29 12:18:08.051478+08','2023-07-01 00:14:20.866807+08','jack','【不要删除】','1','abc.xlsx',2,100);


INSERT INTO public.column_rule (id,created_at,updated_at,column_name,column_type,associated_of,requirement_id,rule_id) VALUES
	 (5615939674112,'2023-06-29 22:25:39.560192+08','2023-06-29 22:25:39.561192+08','A','string',false,5317329305600,4878393573376),
	 (6290629640192,'2023-06-30 21:18:19.175045+08','2023-06-30 21:18:19.175045+08','C','string',false,5317329305600,4882843648000),
	 (6293361188864,'2023-06-30 21:23:52.616814+08','2023-07-01 08:36:40.756242+08','B','number',false,5317329305600,4880372080640),
	 (6633977036800,'2023-07-01 08:56:51.694136+08','2023-07-01 08:56:51.694136+08','D','string',true,5317329305600,4883453444096),
	 (7019797061632,'2023-07-01 22:01:48.868426+08','2023-07-01 22:01:48.868426+08','E','string',true,5317329305600,4884580073472),
	 (7019906957312,'2023-07-01 22:02:02.285607+08','2023-07-01 22:02:02.285607+08','F','string',true,5317329305600,4884580073472),
	 (7053457121280,'2023-07-01 23:10:17.770376+08','2023-07-01 23:10:17.770376+08','G','number',true,5317329305600,4897600479232),
	 (7342384676864,'2023-07-02 08:58:07.232859+08','2023-07-02 08:58:07.232859+08','H','string',true,5317329305600,4898068365312);
INSERT INTO public.data_parameter (id,created_at,updated_at,name,value,data_set_id,column_rule_id,param_rule_id) VALUES
	 (5616271892480,'2023-06-29 22:26:20.107899+08','2023-06-29 22:26:20.107899+08','fixed_value','哈哈哈',NULL,5615939674112,4878639841280),
	 (6291305594880,'2023-06-30 21:19:41.689483+08','2023-06-30 21:22:41.351998+08','repeat','2',NULL,6290629640192,4883106578432),
	 (6293501829120,'2023-06-30 21:24:09.781263+08','2023-06-30 21:24:09.781263+08','start','10',NULL,6293361188864,4880863305728),
	 (6293624799232,'2023-06-30 21:24:24.79127+08','2023-06-30 21:24:24.79127+08','stop','300',NULL,6293361188864,4881075896320),
	 (6624395280384,'2023-07-01 08:37:22.047362+08','2023-07-01 08:37:22.047362+08','is_decimal','True',NULL,6293361188864,4881783652352),
	 (6900890017792,'2023-07-01 17:59:53.853616+08','2023-07-01 17:59:53.853616+08','data_set_id','',6898361286656,6633977036800,6899782516736),
	 (7021716160512,'2023-07-01 22:05:43.144689+08','2023-07-01 22:05:43.144689+08','data_set_id','',7016422940672,7019797061632,7020319580160),
	 (7022038147072,'2023-07-01 22:06:22.43238+08','2023-07-01 22:06:22.43238+08','data_set_id','',7016422940672,7019906957312,7020319580160),
	 (7054327414784,'2023-07-01 23:12:04.001318+08','2023-07-01 23:12:04.001318+08','expressions','{B} * 0.06 + 42',NULL,7053457121280,7053208870912),
	 (7342529757184,'2023-07-02 08:58:24.951061+08','2023-07-02 08:58:24.951061+08','delimiter','-',NULL,7342384676864,7341998874624),
	 (7359942025216,'2023-07-02 09:33:50.469919+08','2023-07-02 09:33:50.469919+08','columns','F,D,A',NULL,7342384676864,7359642402816);


INSERT INTO public.data_set_bind (id,created_at,updated_at,data_name,column_name,data_set_id,column_rule_id) VALUES
	 (7018485358592,'2023-07-01 21:59:08.728346+08','2023-07-01 21:59:08.728346+08','fragrance','E',7016422940672,7019797061632),
	 (7018554433536,'2023-07-01 21:59:17.167101+08','2023-07-01 21:59:28.946573+08','color','F',7016422940672,7019906957312);

INSERT INTO "auth_user" ("password", "last_login", "is_superuser", "username", "first_name", "last_name", "email", "is_staff", "is_active", "date_joined") VALUES ('pbkdf2_sha256$390000$6QDAmbEkoglmdhnF0CRkpz$c5P15mXqzlzKIutdPWCvTutqxAe901q1Ppb/Ht7Jy2Q=', NULL, true, 'admin', '', '', 'admin@example.com', true, true, '2023-07-30T20:29:15.444797'::timestamp);
INSERT INTO "auth_user" ("password", "last_login", "is_superuser", "username", "first_name", "last_name", "email", "is_staff", "is_active", "date_joined") VALUES ('pbkdf2_sha256$390000$iK5jAr5eLkc68utPGw2weN$DgAkiY7Szq5iuZeNU8/cRPD2R4HZTyB6zdHp2EcMM7I=', NULL, false, 'jack', '', '', 'jack@fake.co', false, true, '2023-07-30T20:29:15.710378'::timestamp);
